{
  "pluginId": "default",
  "version": "current",
  "label": "Next",
  "banner": null,
  "badge": false,
  "className": "docs-version-current",
  "isLast": true,
  "docsSidebars": {
    "tutorialSidebar": [
      {
        "type": "link",
        "label": "Tutorial Intro",
        "href": "/docs/intro"
      },
      {
        "type": "category",
        "label": "Tutorial - Basics",
        "items": [
          {
            "type": "link",
            "label": "Create a Page",
            "href": "/docs/tutorial-basics/create-a-page"
          },
          {
            "type": "link",
            "label": "Create a Document",
            "href": "/docs/tutorial-basics/create-a-document"
          },
          {
            "type": "link",
            "label": "Create a Blog Post",
            "href": "/docs/tutorial-basics/create-a-blog-post"
          },
          {
            "type": "link",
            "label": "Markdown Features",
            "href": "/docs/tutorial-basics/markdown-features"
          },
          {
            "type": "link",
            "label": "Deploy your site",
            "href": "/docs/tutorial-basics/deploy-your-site"
          },
          {
            "type": "link",
            "label": "Congratulations!",
            "href": "/docs/tutorial-basics/congratulations"
          }
        ],
        "collapsed": true,
        "collapsible": true
      },
      {
        "type": "category",
        "label": "Tutorial - Extras",
        "items": [
          {
            "type": "link",
            "label": "Manage Docs Versions",
            "href": "/docs/tutorial-extras/manage-docs-versions"
          },
          {
            "type": "link",
            "label": "Translate your site",
            "href": "/docs/tutorial-extras/translate-your-site"
          }
        ],
        "collapsed": true,
        "collapsible": true
      }
    ]
  }
}