{
  "/-deb": {
    "component": "component---site-src-pages-index-jsc-4-f-f99",
    "config": "config---5-e-9-4f3"
  },
  "/__docusaurus/debug-3d6": {
    "component": "component---theme-debug-config-23-a-2ff"
  },
  "/__docusaurus/debug/config-914": {
    "component": "component---theme-debug-config-23-a-2ff"
  },
  "/__docusaurus/debug/content-c28": {
    "component": "component---theme-debug-contentba-8-ce7",
    "allContent": "allContent---docusaurus-debug-content-246-9aa"
  },
  "/__docusaurus/debug/globalData-3cf": {
    "component": "component---theme-debug-global-dataede-0fa"
  },
  "/__docusaurus/debug/metadata-31b": {
    "component": "component---theme-debug-site-metadata-68-e-3d4"
  },
  "/__docusaurus/debug/registry-0da": {
    "component": "component---theme-debug-registry-679-501"
  },
  "/__docusaurus/debug/routes-244": {
    "component": "component---theme-debug-routes-946-699"
  },
  "/blog-520": {
    "component": "component---theme-blog-list-pagea-6-a-7ba",
    "sidebar": "sidebar---blog-814-8ac",
    "items": [
      {
        "content": "content---blog-766-e3c"
      },
      {
        "content": "content---blogf-4-f-cd7"
      },
      {
        "content": "content---blog-871-381"
      },
      {
        "content": "content---blog-925-e00"
      }
    ],
    "metadata": "metadata---blogb-2-b-df1"
  },
  "/blog/archive-f4c": {
    "component": "component---theme-blog-archive-page-9-e-4-1d8",
    "archive": "archive---blog-archiveb-2-f-393"
  },
  "/blog/first-blog-post-6c7": {
    "component": "component---theme-blog-post-pageccc-cab",
    "sidebar": "sidebar---blog-814-8ac",
    "content": "content---blog-first-blog-poste-27-4a1"
  },
  "/blog/long-blog-post-f06": {
    "component": "component---theme-blog-post-pageccc-cab",
    "sidebar": "sidebar---blog-814-8ac",
    "content": "content---blog-long-blog-post-736-bc7"
  },
  "/blog/mdx-blog-post-bee": {
    "component": "component---theme-blog-post-pageccc-cab",
    "sidebar": "sidebar---blog-814-8ac",
    "content": "content---blog-mdx-blog-post-593-37b"
  },
  "/blog/tags-e13": {
    "component": "component---theme-blog-tags-list-page-01-a-d0b",
    "sidebar": "sidebar---blog-814-8ac",
    "tags": "tags---blog-tagsa-70-da2"
  },
  "/blog/tags/docusaurus-ddf": {
    "component": "component---theme-blog-tags-posts-page-687-b6c",
    "sidebar": "sidebar---blog-814-8ac",
    "items": [
      {
        "content": "content---blog-766-e3c"
      },
      {
        "content": "content---blogf-4-f-cd7"
      },
      {
        "content": "content---blog-871-381"
      },
      {
        "content": "content---blog-925-e00"
      }
    ],
    "metadata": "metadata---blog-tags-docusaurusa-80-728"
  },
  "/blog/tags/facebook-ede": {
    "component": "component---theme-blog-tags-posts-page-687-b6c",
    "sidebar": "sidebar---blog-814-8ac",
    "items": [
      {
        "content": "content---blog-766-e3c"
      }
    ],
    "metadata": "metadata---blog-tags-facebook-031-c52"
  },
  "/blog/tags/hello-4c2": {
    "component": "component---theme-blog-tags-posts-page-687-b6c",
    "sidebar": "sidebar---blog-814-8ac",
    "items": [
      {
        "content": "content---blog-766-e3c"
      },
      {
        "content": "content---blog-871-381"
      }
    ],
    "metadata": "metadata---blog-tags-hello-30-a-bed"
  },
  "/blog/tags/hola-752": {
    "component": "component---theme-blog-tags-posts-page-687-b6c",
    "sidebar": "sidebar---blog-814-8ac",
    "items": [
      {
        "content": "content---blog-925-e00"
      }
    ],
    "metadata": "metadata---blog-tags-holae-16-18a"
  },
  "/blog/welcome-bfa": {
    "component": "component---theme-blog-post-pageccc-cab",
    "sidebar": "sidebar---blog-814-8ac",
    "content": "content---blog-welcomed-9-f-ffb"
  },
  "/docs/tags-0cc": {
    "component": "component---theme-doc-tags-list-page-372-89e",
    "tags": "tags---docs-tags-559-5e5"
  },
  "/markdown-page-be1": {
    "component": "component---theme-mdx-page-1-f-3-b90",
    "content": "content---markdown-page-393-028"
  },
  "/docs-87d": {
    "component": "component---theme-doc-page-1-be-9be",
    "versionMetadata": "versionMetadata---docs-935-398"
  },
  "/docs/intro-aed": {
    "component": "component---theme-doc-item-178-a40",
    "content": "content---docs-intro-0-e-3-be1"
  },
  "/docs/tutorial-basics/congratulations-793": {
    "component": "component---theme-doc-item-178-a40",
    "content": "content---docs-tutorial-basics-congratulations-822-958"
  },
  "/docs/tutorial-basics/create-a-blog-post-68e": {
    "component": "component---theme-doc-item-178-a40",
    "content": "content---docs-tutorial-basics-create-a-blog-post-533-e85"
  },
  "/docs/tutorial-basics/create-a-document-c2d": {
    "component": "component---theme-doc-item-178-a40",
    "content": "content---docs-tutorial-basics-create-a-document-1-e-4-078"
  },
  "/docs/tutorial-basics/create-a-page-f44": {
    "component": "component---theme-doc-item-178-a40",
    "content": "content---docs-tutorial-basics-create-a-page-5-c-8-e19"
  },
  "/docs/tutorial-basics/deploy-your-site-e46": {
    "component": "component---theme-doc-item-178-a40",
    "content": "content---docs-tutorial-basics-deploy-your-sitef-55-a3f"
  },
  "/docs/tutorial-basics/markdown-features-4b7": {
    "component": "component---theme-doc-item-178-a40",
    "content": "content---docs-tutorial-basics-markdown-features-18-c-a79"
  },
  "/docs/tutorial-extras/manage-docs-versions-fdd": {
    "component": "component---theme-doc-item-178-a40",
    "content": "content---docs-tutorial-extras-manage-docs-versionsdff-6d4"
  },
  "/docs/tutorial-extras/translate-your-site-2d7": {
    "component": "component---theme-doc-item-178-a40",
    "content": "content---docs-tutorial-extras-translate-your-sitee-44-ddf"
  }
}