{
  "permalink": "/blog/mdx-blog-post",
  "editUrl": "https://github.com/facebook/docusaurus/edit/main/website/blog/blog/2021-08-01-mdx-blog-post.mdx",
  "source": "@site/blog/2021-08-01-mdx-blog-post.mdx",
  "title": "MDX Blog Post",
  "description": "Blog posts support Docusaurus Markdown features, such as MDX.",
  "date": "2021-08-01T00:00:00.000Z",
  "formattedDate": "August 1, 2021",
  "tags": [
    {
      "label": "docusaurus",
      "permalink": "/blog/tags/docusaurus"
    }
  ],
  "readingTime": 0.175,
  "truncated": false,
  "authors": [
    {
      "name": "Sébastien Lorber",
      "title": "Docusaurus maintainer",
      "url": "https://sebastienlorber.com",
      "imageURL": "https://github.com/slorber.png",
      "key": "slorber"
    }
  ],
  "prevItem": {
    "title": "Welcome",
    "permalink": "/blog/welcome"
  },
  "nextItem": {
    "title": "Long Blog Post",
    "permalink": "/blog/long-blog-post"
  }
}